subcuenca,nro_estacion,nombre_estacion,fecha,col_tot,col_fec,e_coli
Chacon,4,ARROCHAC-4,2008-04-06,250000,50000,30000
Chacon,34,ARROCHAC1-34,2008-04-12,9000,4000,3000
Chacon,35,ARROCHAC2-35,2008-04-12,10000,1000,1000
Chacon,4,ARROCHAC-4,2008-04-12,50000,7000,5000
Chacon,36,ARROCHAC3-36,2008-04-12,800000,50000,36000
Chacon,34,ARROCHAC1-34,2008-04-24,200000,20000,20000
Chacon,35,ARROCHAC2-35,2008-04-24,46000,5000,5000
Chacon,4,ARROCHAC-4,2008-04-25,2700,2100,2000
Chacon,36,ARROCHAC3-36,2008-04-25,40000,20000,20000
Morales,8,ARROMORA-8,2008-05-06,1400,300,200
Aguirre,10,ARROAGUI-10,2008-05-06,800,80,60
Canuelas,3,ARROCANU-3,2008-05-08,65000,35000,20000
Chacon,4,ARROCHAC-4,2008-06-08,35000,18000,11000
Riachuelo,20,DPEL2500-20,2008-06-17,1300000,500000,200000
Riachuelo,22,DPEL1900-22,2008-06-17,1400000,160000,100000
Riachuelo,18,CANUNAMU-18,2008-06-17,400000,150000,85000
Riachuelo,27,DPROLLAF-27,2008-06-18,5000,1200,1000
Riachuelo,27,DPROLLAF-27,2008-06-18,5000,1200,1000
Riachuelo,29,DPROLPER-29,2008-06-19,4500000,3000000,800000
DelRey,16,ARRODREY-16,2008-06-26,270000,220000,80000
SantaCatalina,14,ARROSCAT-14,2008-06-26,3000000,350000,120000
Aguirre,10,ARROAGUI-10,2008-07-08,800,100,20
Morales,8,ARROMORA-8,2008-07-08,700,300,200
SantaCatalina,14,ARROSCAT-14,2008-08-13,2800000,520000,200000
Riachuelo,19,ARROCILD-19,2008-08-14,4500000,800000,500000
Riachuelo,21,DPEL2100-21,2008-08-14,2500000,900000,600000
Riachuelo,23,CONDEREZ-23,2008-08-14,4000000,1000000,800000
Riachuelo,20,DPEL2500-20,2008-08-19,9000000,2100000,1500000
Riachuelo,22,DPEL1900-22,2008-08-19,2200000,70000,20000
DelRey,16,ARRODREY-16,2008-08-19,700000,42000,20000
Riachuelo,18,CANUNAMU-18,2008-08-19,19000000,380000,200000
Riachuelo,27,DPROLLAF-27,2008-08-20,400000,180000,100000
Riachuelo,25,ARROTEUC-25,2008-08-20,15000000,2200000,1000000
Riachuelo,27,DPROLLAF-27,2008-08-20,400000,180000,100000
Riachuelo,29,DPROLPER-29,2008-08-21,800000,500000,350000
Chacon,4,ARROCHAC-4,2008-09-18,25000,13000,8000
Chacon,36,ARROCHAC3-36,2008-09-18,350000,27000,15000
Riachuelo,21,DPEL2100-21,2008-10-06,1600000,1200000,800000
Riachuelo,19,ARROCILD-19,2008-10-06,1800000,1200000,750000
Riachuelo,25,ARROTEUC-25,2008-11-06,730000,85000,55000
Riachuelo,23,CONDEREZ-23,2008-11-06,730000,85000,55000
Canuelas,3,ARROCANU-3,2008-11-11,7000000,340000,300000
Morales,8,ARROMORA-8,2008-11-13,1500000,8000,3000
DonMario,11,ARRODMAR-11,2008-11-13,8000000,150000,100000
Aguirre,10,ARROAGUI-10,2008-11-18,350000,360,260
Riachuelo,19,ARROCILD-19,2008-11-19,13000000,6000000,4500000
Riachuelo,21,DPEL2100-21,2008-11-19,3500000,1700000,1200000
DelRey,16,ARRODREY-16,2008-11-20,4000000,60000,40000
SantaCatalina,14,ARROSCAT-14,2008-11-20,3500000,700000,400000
Riachuelo,18,CANUNAMU-18,2008-11-25,4500000,200000,100000
Riachuelo,20,DPEL2500-20,2008-11-25,15000000,800000,500000
Riachuelo,22,DPEL1900-22,2008-11-25,10000000,600000,430000
Riachuelo,25,ARROTEUC-25,2008-11-26,10000000,1000000,800000
Riachuelo,23,CONDEREZ-23,2008-11-26,25000000,15000000,12000000
Riachuelo,27,DPROLLAF-27,2008-11-27,25000000,6000000,5000000
Riachuelo,27,DPROLLAF-27,2008-11-27,25000000,6000000,5000000
Riachuelo,29,DPROLPER-29,2008-11-27,2000000,600000,400000
DonMario,11,ARRODMAR-11,2008-12-06,750000,250000,150000
DonMario,11,ARRODMAR-11,2008-12-08,1800000,900000,600000
Chacon,4,ARROCHAC-4,2008-12-11,15000,1900,1400
Morales,8,ARROMORA-8,2009-02-17,300000,4000,3000
DonMario,11,ARRODMAR-11,2009-02-17,2500000,2000,2000
Aguirre,10,ARROAGUI-10,2009-02-18,20000,200,160
Riachuelo,21,DPEL2100-21,2009-02-19,2000000,21000,15000
Riachuelo,19,ARROCILD-19,2009-02-19,1500000,100000,50000
Riachuelo,23,CONDEREZ-23,2009-02-24,10000000,6000000,5000000
Riachuelo,25,ARROTEUC-25,2009-02-24,24000000,6500000,5000000
Riachuelo,20,DPEL2500-20,2009-02-25,13000000,5000000,3000000
Riachuelo,22,DPEL1900-22,2009-02-25,5000000,460000,400000
Riachuelo,18,CANUNAMU-18,2009-02-25,5500000,100000,80000
SantaCatalina,14,ARROSCAT-14,2009-02-26,3200000,1800000,1500000
DelRey,16,ARRODREY-16,2009-02-26,2700000,550000,300000
Riachuelo,29,DPROLPER-29,2009-03-03,10000000,2100000,1800000
Riachuelo,27,DPROLLAF-27,2009-03-03,8000000,2500000,2200000
Riachuelo,27,DPROLLAF-27,2009-03-03,8000000,2500000,2200000
Canuelas,3,ARROCANU-3,2009-10-02,6000000,370000,250000
Chacon,34,ARROCHAC1-34,2009-10-03,11000,6000,5000
Chacon,4,ARROCHAC-4,2009-10-03,58000,8000,5000
Chacon,35,ARROCHAC2-35,2009-10-03,12000,2000,1000
Chacon,36,ARROCHAC3-36,2009-10-03,800000,50000,36000
Chacon,4,ARROCHAC-4,2009-11-02,90000,5000,3000
Canuelas,3,ARROCANU-3,2010-01-06,3500,1000,800
Canuelas,32,ARROCANU1-32,2010-01-06,18000,4000,2000
Chacon,35,ARROCHAC2-35,2010-01-09,2400,1500,200
Chacon,36,ARROCHAC3-36,2010-01-09,1000000,32000,25000
Chacon,34,ARROCHAC1-34,2010-01-09,52000,20000,1000
Chacon,35,ARROCHAC2-35,2010-02-06,4500,3500,3000
Chacon,36,ARROCHAC3-36,2010-02-06,15000,5000,5000
Chacon,4,ARROCHAC-4,2010-02-06,700000,8000,8000
Chacon,34,ARROCHAC1-34,2010-02-06,3500,3000,3000
Morales,8,ARROMORA-8,2010-02-09,2000000,200000,100000
Morales,37,ARROMORA1-37,2010-02-09,2500000,700000,350000
Canuelas,3,ARROCANU-3,2010-02-09,120000,4500,3000
Chacon,4,ARROCHAC-4,2010-02-09,250000,55000,50000
Canuelas,3,ARROCANU-3,2010-02-11,1000,400,200
Canuelas,32,ARROCANU1-32,2010-02-11,18000,3000,2000
Rodriguez,38,ARROROD-38,2010-02-11,30000,6000,5000
Rodriguez,38,ARROROD-38,2010-03-06,60000,15000,10000
Morales,8,ARROMORA-8,2010-03-06,700000,8000,8000
Morales,37,ARROMORA1-37,2010-03-11,200000,1000,500
Chacon,36,ARROCHAC3-36,2010-03-11,19000,200,100
Morales,8,ARROMORA-8,2010-03-11,3800000,300000,100000
Chacon,4,ARROCHAC-4,2010-03-11,90000,500,300
Chacon,4,ARROCHAC-4,2010-04-11,55000,400,240
Morales,8,ARROMORA-8,2010-04-11,1500000,250000,200000
Canuelas,3,ARROCANU-3,2010-04-11,30000,2000,1500
DonMario,11,ARRODMAR-11,2010-04-11,1500000,30000,15000
Riachuelo,20,DPEL2500-20,2010-06-17,1000000,400000,350000
Riachuelo,22,DPEL1900-22,2010-06-17,400000,300000,250000
Riachuelo,18,CANUNAMU-18,2010-06-17,600000,200000,150000
SantaCatalina,14,ARROSCAT-14,2010-06-22,500000,22000,20000
DelRey,16,ARRODREY-16,2010-06-22,9500000,150000,100000
Riachuelo,19,ARROCILD-19,2010-06-23,4000000,500000,40000
Riachuelo,21,DPEL2100-21,2010-06-23,3000000,550000,50000
Riachuelo,23,CONDEREZ-23,2010-06-23,8500000,2000000,1500000
Riachuelo,25,ARROTEUC-25,2010-06-24,2300000,450000,400000
Riachuelo,29,DPROLPER-29,2010-06-29,5000000,100000,90000
Riachuelo,25,ARROTEUC-25,2010-07-09,14000000,670000,300000
Chacon,4,ARROCHAC-4,2010-07-09,45000,10000,5000
Chacon,4,ARROCHAC-4,2010-08-06,19000,3000,2000
Rodriguez,38,ARROROD-38,2010-08-09,250000,200000,200000
Canuelas,3,ARROCANU-3,2010-08-31,770000,6000,1000
Riachuelo,27,DPROLLAF-27,2010-09-06,5000000,450000,400000
Riachuelo,27,DPROLLAF-27,2010-09-06,5000000,450000,400000
Canuelas,3,ARROCANU-3,2010-09-06,8000,700,500
DonMario,11,ARRODMAR-11,2010-09-09,1500000,80000,7000
Aguirre,10,ARROAGUI-10,2010-09-09,200000,40000,20000
Morales,8,ARROMORA-8,2010-09-09,30000,1800,1000
Riachuelo,18,CANUNAMU-18,2010-09-11,15000000,2500000,700000
Riachuelo,20,DPEL2500-20,2010-09-11,6000000,1800000,1100000
Riachuelo,22,DPEL1900-22,2010-09-11,18000000,1000000,400000
Aguirre,10,ARROAGUI-10,2010-09-11,250000,15000,4000
Riachuelo,20,DPEL2500-20,2010-09-14,14000000,380000,100000
Riachuelo,22,DPEL1900-22,2010-09-14,8500000,130000,80000
Riachuelo,18,CANUNAMU-18,2010-09-14,10000000,340000,80000
Riachuelo,19,ARROCILD-19,2010-09-14,15000000,400000,20000
DelRey,16,ARRODREY-16,2010-09-15,16000000,230000,80000
SantaCatalina,14,ARROSCAT-14,2010-09-15,4000000,600000,150000
Riachuelo,21,DPEL2100-21,2010-09-15,500000,60000,30000
Riachuelo,27,DPROLLAF-27,2010-09-16,720000,24000,5000
Riachuelo,23,CONDEREZ-23,2010-09-16,10000000,3100000,2000000
Riachuelo,27,DPROLLAF-27,2010-09-16,720000,24000,5000
Riachuelo,29,DPROLPER-29,2010-09-16,11000000,3600000,350000
DonMario,11,ARRODMAR-11,2010-10-06,800000,2000,1800
Morales,8,ARROMORA-8,2010-10-06,250000,30000,25000
Aguirre,10,ARROAGUI-10,2010-10-06,25000,200,100
Riachuelo,19,ARROCILD-19,2010-10-11,8000000,700000,400000
Riachuelo,21,DPEL2100-21,2010-10-11,8500000,800000,500000
Riachuelo,25,ARROTEUC-25,2010-10-11,10000000,1200000,500000
Riachuelo,23,CONDEREZ-23,2010-10-11,7000000,600000,400000
DelRey,16,ARRODREY-16,2010-11-11,8000000,1100000,800000
SantaCatalina,14,ARROSCAT-14,2010-11-11,60000,40000,38000
Riachuelo,29,DPROLPER-29,2010-11-17,650000,60000,40000
Riachuelo,27,DPROLLAF-27,2010-11-17,500000,200000,50000
Riachuelo,27,DPROLLAF-27,2010-11-17,500000,200000,50000
DonMario,11,ARRODMAR-11,2011-01-06,250000,11000,10000
Riachuelo,23,CONDEREZ-23,2011-02-03,30000000,7500000,5000000
Riachuelo,20,DPEL2500-20,2011-02-03,2500000,900000,500000
Riachuelo,22,DPEL1900-22,2011-02-03,6000000,200000,150000
DelRey,16,ARRODREY-16,2011-02-06,8000000,800000,400000
Aguirre,10,ARROAGUI-10,2011-02-06,10000,1000,800
SantaCatalina,14,ARROSCAT-14,2011-02-06,2000000,40000,30000
Canuelas,3,ARROCANU-3,2011-02-15,50000,10000,8000
Canuelas,32,ARROCANU1-32,2011-02-16,4000,1000,800
Chacon,4,ARROCHAC-4,2011-02-16,120000,15000,10000
Chacon,36,ARROCHAC3-36,2011-02-16,5000,500,300
Morales,37,ARROMORA1-37,2011-02-17,150000,90000,70000
Canuelas,3,ARROCANU-3,2011-02-17,50000,30000,25000
Morales,8,ARROMORA-8,2011-02-17,2000000,150000,100000
Rodriguez,38,ARROROD-38,2011-02-17,30000,25000,15000
Morales,8,ARROMORA-8,2011-02-22,500000,12000,4000
Chacon,4,ARROCHAC-4,2011-02-22,25000,5000,4000
DonMario,11,ARRODMAR-11,2011-02-23,2000000,250000,150000
Aguirre,10,ARROAGUI-10,2011-02-23,10000,1500,1000
Riachuelo,19,ARROCILD-19,2011-02-24,6000000,700000,500000
Riachuelo,21,DPEL2100-21,2011-02-24,9000000,2500000,1500000
DelRey,16,ARRODREY-16,2011-02-24,4500000,600000,400000
SantaCatalina,14,ARROSCAT-14,2011-02-24,7000000,100000,80000
Riachuelo,29,DPROLPER-29,2011-03-03,4000000,1500000,1000000
Riachuelo,27,DPROLLAF-27,2011-03-03,6000000,2000000,1000000
Riachuelo,25,ARROTEUC-25,2011-03-03,5500000,3000000,2500000
Riachuelo,27,DPROLLAF-27,2011-03-03,6000000,2000000,1000000
Riachuelo,18,CANUNAMU-18,2011-03-03,2500000,800000,600000
Riachuelo,21,DPEL2100-21,2011-03-06,4000000,500000,400000
Riachuelo,19,ARROCILD-19,2011-03-06,7000000,600000,400000
Riachuelo,18,CANUNAMU-18,2011-03-06,8000000,40000,30000
Riachuelo,22,DPEL1900-22,2011-03-06,7500000,30000,25000
Riachuelo,20,DPEL2500-20,2011-03-06,5000000,250000,150000
Canuelas,3,ARROCANU-3,2011-05-26,170000,15000,10000
Cebey,39,ARROCEB-39,2011-05-26,3500000,900000,800000
Canuelas,32,ARROCANU1-32,2011-05-26,300000,30000,25000
Morales,8,ARROMORA-8,2011-05-27,2500000,600000,400000
Chacon,4,ARROCHAC-4,2011-05-27,10000,200,150
Morales,37,ARROMORA1-37,2011-05-27,20000000,2000000,1500000
Chacon,4,ARROCHAC-4,2011-05-31,9000,1500,1000
Chacon,36,ARROCHAC3-36,2011-05-31,200000,500,400
Canuelas,3,ARROCANU-3,2011-05-31,5000,160,100
Rodriguez,38,ARROROD-38,2011-05-31,10000,1200,1000
Riachuelo,29,DPROLPER-29,2011-07-06,8500000,3000000,1500000
Riachuelo,27,DPROLLAF-27,2011-08-06,8000000,4000000,2000000
Riachuelo,25,ARROTEUC-25,2011-08-06,6500000,2500000,100000
Riachuelo,23,CONDEREZ-23,2011-08-06,3500000,1500000,1000000
Riachuelo,27,DPROLLAF-27,2011-08-06,8000000,4000000,2000000
Morales,8,ARROMORA-8,2011-09-06,1500000,100000,70000
Morales,37,ARROMORA1-37,2011-10-13,10000000,1100000,1000000
Morales,8,ARROMORA-8,2011-10-13,1300000,160000,44000
Canuelas,3,ARROCANU-3,2011-10-13,90000,42000,29000
Rodriguez,38,ARROROD-38,2011-10-13,710000,6400,2400
Morales,8,ARROMORA-8,2011-10-14,520000,180000,100000
Chacon,4,ARROCHAC-4,2011-10-14,50000,3000,1000
Riachuelo,19,ARROCILD-19,2011-10-18,700000,100000,75000
Riachuelo,21,DPEL2100-21,2011-10-18,700000,200000,16000
SantaCatalina,14,ARROSCAT-14,2011-10-18,220000,40000,30000
Riachuelo,23,CONDEREZ-23,2011-10-18,450000,220000,130000
DelRey,16,ARRODREY-16,2011-10-18,5000000,150000,140000
Aguirre,10,ARROAGUI-10,2011-10-19,4000,200,150
DonMario,11,ARRODMAR-11,2011-10-19,500000,60000,20000
Riachuelo,18,CANUNAMU-18,2011-10-20,15000000,710000,530000
Riachuelo,20,DPEL2500-20,2011-10-20,20000000,3000000,2600000
Riachuelo,25,ARROTEUC-25,2011-10-21,12000000,2900000,2000000
Riachuelo,29,DPROLPER-29,2011-10-21,6200000,1200000,900000
Riachuelo,27,DPROLLAF-27,2011-10-21,8800000,3000000,850000
Riachuelo,27,DPROLLAF-27,2011-10-21,8800000,3000000,850000
Chacon,4,ARROCHAC-4,2011-11-10,30000,5000,4000
Chacon,36,ARROCHAC3-36,2011-11-10,50000,1000,500
Cebey,39,ARROCEB-39,2011-12-10,2000000,700000,400000
Canuelas,32,ARROCANU1-32,2011-12-10,15000,270,160
Canuelas,3,ARROCANU-3,2011-12-10,2000,210,100
Canuelas,32,ARROCANU1-32,2012-01-02,10000,700,600
Cebey,39,ARROCEB-39,2012-01-02,9000000,2000000,900000
DonMario,11,ARRODMAR-11,2012-01-08,350000,190000,190000
Morales,8,ARROMORA-8,2012-01-08,8500,6000,5300
Aguirre,10,ARROAGUI-10,2012-01-08,5000,1300,770
Chacon,36,ARROCHAC3-36,2012-01-31,100000,8000,5000
Chacon,4,ARROCHAC-4,2012-01-31,35000,7000,5000
Canuelas,3,ARROCANU-3,2012-01-31,30000,3000,1100
Morales,8,ARROMORA-8,2012-02-02,58000,7000,2000
Canuelas,3,ARROCANU-3,2012-02-02,5000,3000,2000
Rodriguez,38,ARROROD-38,2012-02-02,40000,16000,8300
Morales,37,ARROMORA1-37,2012-02-02,7500000,5000000,3500000
Aguirre,10,ARROAGUI-10,2012-02-05,5000,1000,300
Riachuelo,20,DPEL2500-20,2012-02-08,1500000,1100000,750000
Riachuelo,18,CANUNAMU-18,2012-02-08,700000,240000,110000
Chacon,4,ARROCHAC-4,2012-03-02,300000,8800,3500
Morales,8,ARROMORA-8,2012-03-02,24000,6000,5300
Riachuelo,18,CANUNAMU-18,2012-03-05,5000000,400000,120000
Riachuelo,22,DPEL1900-22,2012-03-05,2000000,1000000,800000
Riachuelo,23,CONDEREZ-23,2012-03-05,5200000,1800000,760000
Riachuelo,20,DPEL2500-20,2012-03-05,5000000,600000,400000
Chacon,4,ARROCHAC-4,2012-03-12,50000,3000,2200
Chacon,36,ARROCHAC3-36,2012-03-12,95000,3500,2500
Riachuelo,29,DPROLPER-29,2012-04-05,800000,750000,650000
Riachuelo,27,DPROLLAF-27,2012-04-05,5000000,1500000,10000
Riachuelo,27,DPROLLAF-27,2012-04-05,5000000,1500000,10000
Riachuelo,25,ARROTEUC-25,2012-04-05,6000000,1200000,1000000
Canuelas,3,ARROCANU-3,2012-04-12,18000,4000,3000
Cebey,39,ARROCEB-39,2012-04-12,1500000,650000,350000
Canuelas,32,ARROCANU1-32,2012-04-12,20000,6000,2500
Cebey,39,ARROCEB-39,2012-04-17,2000000,160000,100000
Canuelas,32,ARROCANU1-32,2012-04-17,2000,500,400
Canuelas,3,ARROCANU-3,2012-04-17,15000,2500,1500
Chacon,36,ARROCHAC3-36,2012-04-18,30000,200,100
Chacon,4,ARROCHAC-4,2012-04-18,3200,1600,1000
Morales,37,ARROMORA1-37,2012-04-19,920000,180000,96000
Canuelas,3,ARROCANU-3,2012-04-19,9000,6700,3100
Rodriguez,38,ARROROD-38,2012-04-19,200000,60000,38000
Morales,8,ARROMORA-8,2012-04-19,8800,1000,600
Chacon,4,ARROCHAC-4,2012-04-20,20000,7800,1800
Morales,8,ARROMORA-8,2012-04-20,42000,3500,2800
SantaCatalina,14,ARROSCAT-14,2012-04-26,120000,30000,20000
Riachuelo,19,ARROCILD-19,2012-04-26,2000000,500000,300000
DelRey,16,ARRODREY-16,2012-04-26,1500000,70000,50000
Riachuelo,21,DPEL2100-21,2012-04-26,2000000,20000,18000
Morales,8,ARROMORA-8,2012-05-12,4000,2500,1500
Morales,37,ARROMORA1-37,2012-05-12,7000,2500,1800
Rodriguez,38,ARROROD-38,2012-05-12,25000,2000,1000
Canuelas,3,ARROCANU-3,2012-05-12,30000,5000,3500
Morales,8,ARROMORA-8,2012-06-12,100000,25000,15000
SantaCatalina,14,ARROSCAT-14,2012-07-02,100000,90000,70000
Riachuelo,21,DPEL2100-21,2012-07-02,7000000,2500000,2000000
DelRey,16,ARRODREY-16,2012-07-02,1000000,200000,150000
Riachuelo,23,CONDEREZ-23,2012-07-02,12000000,6000000,5000000
Riachuelo,19,ARROCILD-19,2012-07-02,8000000,2500000,1200000
Riachuelo,23,CONDEREZ-23,2012-07-08,500000,350000,280000
SantaCatalina,14,ARROSCAT-14,2012-07-12,270000,120000,80000
DelRey,16,ARRODREY-16,2012-07-12,720000,180000,110000
Canuelas,3,ARROCANU-3,2012-07-24,1500,750,500
Cebey,39,ARROCEB-39,2012-07-24,360000,200000,70000
Canuelas,32,ARROCANU1-32,2012-07-24,100,70,60
Chacon,36,ARROCHAC3-36,2012-07-25,400,200,100
Chacon,4,ARROCHAC-4,2012-07-25,1500,800,150
Morales,8,ARROMORA-8,2012-07-26,15000,9500,2600
Canuelas,3,ARROCANU-3,2012-07-26,3500,3100,2500
Rodriguez,38,ARROROD-38,2012-07-26,15000,12000,6000
Morales,37,ARROMORA1-37,2012-07-26,80000,70000,40000
Chacon,4,ARROCHAC-4,2012-07-27,1400,600,400
SantaCatalina,14,ARROSCAT-14,2012-07-31,110000,56000,21000
Riachuelo,19,ARROCILD-19,2012-07-31,110000,64000,38000
DelRey,16,ARRODREY-16,2012-07-31,250000,210000,100000
Aguirre,10,ARROAGUI-10,2012-08-02,2500000,200000,70000
DonMario,11,ARRODMAR-11,2012-08-02,2000000,300000,200000
Riachuelo,27,DPROLLAF-27,2012-08-08,1800000,800000,700000
Riachuelo,29,DPROLPER-29,2012-08-08,850000,500000,90000
Riachuelo,27,DPROLLAF-27,2012-08-08,1800000,800000,700000
Riachuelo,20,DPEL2500-20,2012-09-02,10000000,2500000,2000000
Riachuelo,18,CANUNAMU-18,2012-09-02,8000000,500000,400000
Riachuelo,29,DPROLPER-29,2012-10-02,9000000,1400000,380000
Riachuelo,25,ARROTEUC-25,2012-10-02,9000000,7500000,1200000
Chacon,4,ARROCHAC-4,2012-10-12,110000,16000,1700
Riachuelo,21,DPEL2100-21,2012-11-12,8000000,3000000,2500000
Aguirre,10,ARROAGUI-10,2012-11-12,150000,27000,21000
Riachuelo,19,ARROCILD-19,2012-11-12,9000000,3000000,1500000
Riachuelo,23,CONDEREZ-23,2012-11-12,2000000,1000000,700000
Riachuelo,29,DPROLPER-29,2012-12-12,4500000,2000000,900000
Riachuelo,27,DPROLLAF-27,2012-12-12,9000000,4000000,3700000
Riachuelo,27,DPROLLAF-27,2012-12-12,9000000,4000000,3700000
Riachuelo,22,DPEL1900-22,2012-12-13,31000000,1000000,720000
Riachuelo,18,CANUNAMU-18,2012-12-13,28000000,350000,250000
Riachuelo,20,DPEL2500-20,2012-12-13,50000000,4600000,3200000
DonMario,11,ARRODMAR-11,2012-12-14,38000000,1500000,1000000
Canuelas,3,ARROCANU-3,2013-04-29,6000,2100,1300
Canuelas,32,ARROCANU1-32,2013-04-29,6000,2400,1700
Riachuelo,21,DPEL2100-21,2013-05-14,4000000,1000000,700000
Riachuelo,19,ARROCILD-19,2013-05-14,3500000,500000,250000
Riachuelo,23,CONDEREZ-23,2013-05-15,4000000,3000000,1000000
Riachuelo,27,DPROLLAF-27,2013-05-15,900000,700000,300000
Riachuelo,27,DPROLLAF-27,2013-05-15,900000,700000,300000
Riachuelo,29,DPROLPER-29,2013-05-16,600000,300000,200000
DelRey,16,ARRODREY-16,2013-05-21,900000,350000,250000
Riachuelo,18,CANUNAMU-18,2013-05-21,1500000,500000,400000
Riachuelo,20,DPEL2500-20,2013-05-21,4000000,2000000,1000000
Riachuelo,22,DPEL1900-22,2013-05-21,2500000,700000,450000
Cebey,39,ARROCEB-39,2013-07-05,3000000,1800000,950000
Morales,37,ARROMORA1-37,2013-07-05,320000,15000,10000
Chacon,4,ARROCHAC-4,2013-07-05,580000,60000,15000
Rodriguez,38,ARROROD-38,2013-07-05,18000,6000,4000
Morales,8,ARROMORA-8,2013-07-05,270000,15000,10000
Aguirre,10,ARROAGUI-10,2013-09-05,5000,1500,1000
DonMario,11,ARRODMAR-11,2013-09-05,700000,150000,60000
Chacon,34,ARROCHAC1-34,2013-09-05,15000,6000,2000
Morales,8,ARROMORA-8,2013-09-05,9000,4000,3000
Canuelas,3,ARROCANU-3,2013-09-05,7000,3000,2000
Chacon,4,ARROCHAC-4,2013-09-05,10000,3000,2000
SantaCatalina,14,ARROSCAT-14,2013-10-05,180000,80000,50000
Canuelas,3,ARROCANU-3,2013-11-13,100000,20000,15000
Cebey,39,ARROCEB-39,2013-11-13,8000000,910000,400000
Morales,37,ARROMORA1-37,2013-11-14,300000,100000,10000
Rodriguez,38,ARROROD-38,2013-11-14,80000,9300,4000
Morales,8,ARROMORA-8,2013-11-14,70000,5000,3500
Canuelas,3,ARROCANU-3,2013-11-14,100000,15000,3000
SantaCatalina,14,ARROSCAT-14,2013-11-15,22000000,720000,300000
DelRey,16,ARRODREY-16,2013-11-15,16000000,500000,60000
Chacon,4,ARROCHAC-4,2013-11-20,20000,4000,2000
Morales,8,ARROMORA-8,2013-11-20,110000,7500,5000
DonMario,11,ARRODMAR-11,2013-11-21,450000,35000,10000
Aguirre,10,ARROAGUI-10,2013-11-21,12000,3000,2000
Riachuelo,21,DPEL2100-21,2013-11-26,10000000,600000,310000
Riachuelo,19,ARROCILD-19,2013-11-26,9000000,880000,430000
Riachuelo,23,CONDEREZ-23,2013-11-26,9200000,820000,370000
Riachuelo,29,DPROLPER-29,2013-11-27,830000,340000,130000
Riachuelo,20,DPEL2500-20,2013-11-28,3900000,2800000,1100000
Riachuelo,22,DPEL1900-22,2013-11-28,4000000,600000,430000
Riachuelo,18,CANUNAMU-18,2013-11-28,4000000,1200000,730000
Chacon,4,ARROCHAC-4,2013-12-11,150000,15000,11000
Chacon,36,ARROCHAC3-36,2013-12-11,500000,1500,1000
DonMario,11,ARRODMAR-11,2014-01-12,15000000,1500000,1200000
Morales,8,ARROMORA-8,2014-02-09,200000,15000,10000
Cebey,39,ARROCEB-39,2014-02-09,1500000,550000,400000
Morales,37,ARROMORA1-37,2014-02-09,600000,550000,40000
SantaCatalina,14,ARROSCAT-14,2014-02-12,110000,30000,16000
DelRey,16,ARRODREY-16,2014-02-12,500000,25000,20000
Canuelas,3,ARROCANU-3,2014-03-09,17000,4000,200
Canuelas,32,ARROCANU1-32,2014-03-09,17000,4000,2000
Riachuelo,26,DPROLELI-26,2014-03-12,200000,170000,110000
Riachuelo,23,CONDEREZ-23,2014-03-12,12000000,2500000,1200000
Riachuelo,21,DPEL2100-21,2014-03-12,100000,47000,31000
Riachuelo,19,ARROCILD-19,2014-03-12,900000,63000,51000
Riachuelo,26,DPROLELI-26,2014-03-12,200000,170000,110000
Chacon,36,ARROCHAC3-36,2014-04-09,11000,600,500
Riachuelo,20,DPEL2500-20,2014-04-12,10000000,800000,660000
Riachuelo,22,DPEL1900-22,2014-04-12,11000000,850000,600000
Canuelas,3,ARROCANU-3,2014-05-13,10000,3000,2500
Cebey,39,ARROCEB-39,2014-05-13,3200000,850000,450000
Canuelas,32,ARROCANU1-32,2014-05-13,900000,20000,7000
Chacon,36,ARROCHAC3-36,2014-05-14,20000,1500,200
Chacon,4,ARROCHAC-4,2014-05-14,200000,7500,2000
Chacon,35,ARROCHAC2-35,2014-05-14,5000,800,200
Chacon,34,ARROCHAC1-34,2014-05-14,8000,3600,2000
Morales,37,ARROMORA1-37,2014-05-15,150000,70000,50000
Morales,8,ARROMORA-8,2014-05-15,3000000,200000,150000
Chacon,4,ARROCHAC-4,2014-05-16,170000,55000,14000
DonMario,11,ARRODMAR-11,2014-05-20,900000,50000,25000
Canuelas,3,ARROCANU-3,2014-05-20,24000,5000,3500
Morales,8,ARROMORA-8,2014-05-20,20000,8000,2500
SantaCatalina,14,ARROSCAT-14,2014-05-21,370000,300000,140000
DelRey,16,ARRODREY-16,2014-05-21,500000,400000,110000
Riachuelo,19,ARROCILD-19,2014-05-22,1700000,540000,400000
Riachuelo,21,DPEL2100-21,2014-05-22,900000,450000,350000
Aguirre,10,ARROAGUI-10,2014-05-23,60000,30000,15000
Riachuelo,20,DPEL2500-20,2014-05-23,280000,180000,140000
Riachuelo,22,DPEL1900-22,2014-05-23,450000,350000,75000
Riachuelo,23,CONDEREZ-23,2014-05-23,2000000,1600000,800000
Riachuelo,18,CANUNAMU-18,2014-05-23,100000,90000,40000
Riachuelo,27,DPROLLAF-27,2014-05-27,4500000,840000,450000
Riachuelo,27,DPROLLAF-27,2014-05-27,4500000,840000,450000
Riachuelo,29,DPROLPER-29,2014-05-27,2800000,800000,500000
Riachuelo,27,DPROLLAF-27,2014-09-12,100000,85000,64000
Riachuelo,27,DPROLLAF-27,2014-09-12,100000,85000,64000
Riachuelo,29,DPROLPER-29,2014-09-12,1000000,700000,500000
Riachuelo,18,CANUNAMU-18,2014-09-16,3600000,700000,500000
Riachuelo,20,DPEL2500-20,2014-09-16,6000000,750000,650000
Riachuelo,23,CONDEREZ-23,2014-09-16,7000000,3500000,2500000
Riachuelo,22,DPEL1900-22,2014-09-16,4000000,300000,200000
Riachuelo,27,DPROLLAF-27,2014-09-17,3000000,650000,500000
Riachuelo,27,DPROLLAF-27,2014-09-17,3000000,650000,500000
Riachuelo,29,DPROLPER-29,2014-09-17,5000000,800000,550000
DonMario,11,ARRODMAR-11,2014-09-18,1500000,60000,40000
Chacon,4,ARROCHAC-4,2014-10-09,70000,25000,20000
Morales,8,ARROMORA-8,2014-10-09,80000,20000,15000
Canuelas,3,ARROCANU-3,2014-10-09,15000,7000,5500
Aguirre,10,ARROAGUI-10,2014-11-09,200000,14000,10000
Riachuelo,21,DPEL2100-21,2014-11-09,7000000,580000,400000
Riachuelo,19,ARROCILD-19,2014-11-09,300000,33000,22000
Canuelas,32,ARROCANU1-32,2014-11-20,100000,2000,1500
Morales,8,ARROMORA-8,2014-11-25,80000,12000,8000
Canuelas,3,ARROCANU-3,2014-11-25,2500,2000,1500
Morales,37,ARROMORA1-37,2014-11-25,140000,20000,20000
Chacon,36,ARROCHAC3-36,2014-11-26,200000,3000,2500
Chacon,4,ARROCHAC-4,2014-11-26,270000,110000,100000
Morales,8,ARROMORA-8,2014-11-26,30000,1500,1000
Canuelas,3,ARROCANU-3,2014-11-27,13000,1200,1000
Chacon,4,ARROCHAC-4,2014-11-27,110000,25000,20000
Aguirre,10,ARROAGUI-10,2014-11-28,1500000,12000,7500
DelRey,16,ARRODREY-16,2014-12-09,330000,100000,63000
SantaCatalina,14,ARROSCAT-14,2014-12-09,540000,28000,12000
Riachuelo,29,DPROLPER-29,2015-03-12,9000000,900000,800000
Riachuelo,27,DPROLLAF-27,2015-03-12,10000000,8000000,6500000
Riachuelo,27,DPROLLAF-27,2015-03-12,10000000,8000000,6500000
Riachuelo,26,DPROLELI-26,2015-03-12,5800000,3000000,2200000
Riachuelo,26,DPROLELI-26,2015-03-12,5800000,3000000,2200000
Canuelas,3,ARROCANU-3,2015-04-15,15000,1000,500
Morales,8,ARROMORA-8,2015-04-15,35000,2000,1000
Aguirre,10,ARROAGUI-10,2015-04-16,50000,2000,1000
DonMario,11,ARRODMAR-11,2015-04-16,450000,45000,25000
Riachuelo,21,DPEL2100-21,2015-04-17,8000000,1600000,1000000
Riachuelo,22,DPEL1900-22,2015-04-17,14000000,1200000,350000
Riachuelo,19,ARROCILD-19,2015-04-17,7000000,700000,350000
SantaCatalina,14,ARROSCAT-14,2015-04-21,2500000,800000,550000
DelRey,16,ARRODREY-16,2015-04-21,5000000,500000,350000
Riachuelo,26,DPROLELI-26,2015-04-23,13000000,1000000,650000
Riachuelo,23,CONDEREZ-23,2015-04-23,5500000,5000000,3200000
Riachuelo,27,DPROLLAF-27,2015-04-23,15000000,6700000,3400000
Riachuelo,26,DPROLELI-26,2015-04-23,13000000,1000000,650000
Riachuelo,27,DPROLLAF-27,2015-04-23,15000000,6700000,3400000
Riachuelo,20,DPEL2500-20,2015-04-24,6500000,900000,400000
Riachuelo,18,CANUNAMU-18,2015-04-24,17000000,800000,350000
Riachuelo,29,DPROLPER-29,2015-05-05,950000,20000,10000
Cebey,39,ARROCEB-39,2015-07-04,8500000,70000,60000
Morales,8,ARROMORA-8,2015-07-04,100000,30000,20000
Chacon,36,ARROCHAC3-36,2015-09-04,100000,300,100
Canuelas,32,ARROCANU1-32,2015-09-04,25000,1500,1000
Chacon,4,ARROCHAC-4,2015-09-04,600000,15000,10000
SantaCatalina,14,ARROSCAT-14,2015-09-12,8500000,700000,400000
DelRey,16,ARRODREY-16,2015-09-12,9500000,250000,150000
Chacon,4,ARROCHAC-4,2015-10-04,250000,5500,4000
Cebey,39,ARROCEB-39,2015-11-16,5000000,700000,500000
Canuelas,3,ARROCANU-3,2015-11-16,15000,1000,700
Riachuelo,19,ARROCILD-19,2015-11-18,3000000,400000,250000
Aguirre,10,ARROAGUI-10,2015-11-18,200000,14000,7000
Riachuelo,23,CONDEREZ-23,2015-11-18,19000000,10000000,6000000
DonMario,11,ARRODMAR-11,2015-11-18,1500000,200000,60000
Riachuelo,22,DPEL1900-22,2015-11-20,1200000,200000,100000
Riachuelo,20,DPEL2500-20,2015-11-20,3000000,650000,320000
Riachuelo,21,DPEL2100-21,2015-11-20,2500000,700000,400000
Riachuelo,18,CANUNAMU-18,2015-11-20,300000,100000,55000
Canuelas,3,ARROCANU-3,2015-11-24,20000,2000,1000
Morales,8,ARROMORA-8,2015-11-24,150000,5000,3000
Chacon,4,ARROCHAC-4,2015-11-24,600000,26000,13000
Chacon,4,ARROCHAC-4,2015-11-25,250000,40000,28000
Morales,8,ARROMORA-8,2015-11-25,45000,5000,3000
Chacon,36,ARROCHAC3-36,2015-11-25,80000,7000,3000
Riachuelo,19,ARROCILD-19,2016-02-11,1500000,700000,510000
Riachuelo,21,DPEL2100-21,2016-02-11,3800000,800000,550000
Riachuelo,23,CONDEREZ-23,2016-02-11,15000000,7500000,5000000
SantaCatalina,14,ARROSCAT-14,2016-03-11,2500000,350000,250000
Riachuelo,20,DPEL2500-20,2016-03-11,4500000,350000,300000
DelRey,16,ARRODREY-16,2016-03-11,8000000,400000,320000
Riachuelo,22,DPEL1900-22,2016-03-11,3000000,500000,350000
Riachuelo,20,DPEL2500-20,2016-04-13,600000,250000,200000
SantaCatalina,14,ARROSCAT-14,2016-04-13,6000000,200000,110000
DelRey,16,ARRODREY-16,2016-04-13,4000000,400000,250000
Riachuelo,22,DPEL1900-22,2016-04-13,3500000,1200000,800000
Riachuelo,21,DPEL2100-21,2016-04-14,4600000,700000,550000
Riachuelo,19,ARROCILD-19,2016-04-14,4200000,750000,600000
Riachuelo,23,CONDEREZ-23,2016-04-14,6800000,700000,540000
Aguirre,10,ARROAGUI-10,2016-04-20,2000000,35000,18000
Riachuelo,26,DPROLELI-26,2016-04-21,3500000,1500000,500000
Riachuelo,26,DPROLELI-26,2016-04-21,3500000,1500000,500000
Riachuelo,27,DPROLLAF-27,2016-04-21,11000000,3000000,2500000
Riachuelo,27,DPROLLAF-27,2016-04-21,11000000,3000000,2500000
DonMario,11,ARRODMAR-11,2016-04-21,730000,65000,52000
Riachuelo,18,CANUNAMU-18,2016-04-21,9500000,1000000,800000
Riachuelo,29,DPROLPER-29,2016-04-21,28000000,4500000,3000000
Chacon,4,ARROCHAC-4,2016-04-26,70000,45000,20000
Morales,8,ARROMORA-8,2016-04-26,200000,25000,10000
Canuelas,3,ARROCANU-3,2016-04-26,200000,35000,20000
Chacon,4,ARROCHAC-4,2016-04-27,23000,15000,6000
Morales,8,ARROMORA-8,2016-04-27,87000,40000,25000
Chacon,36,ARROCHAC3-36,2016-04-27,100000,60000,40000
Riachuelo,27,DPROLLAF-27,2016-08-11,45000000,5500000,4000000
Riachuelo,27,DPROLLAF-27,2016-08-11,45000000,5500000,4000000
Riachuelo,29,DPROLPER-29,2016-08-11,30000000,4000000,3500000
Riachuelo,18,CANUNAMU-18,2016-08-11,18000000,2500000,1500000
Aguirre,10,ARROAGUI-10,2016-09-11,50000,18000,6000
DonMario,11,ARRODMAR-11,2016-09-11,900000,60000,30000
Morales,8,ARROMORA-8,2016-09-11,90000,15000,5000
Canuelas,3,ARROCANU-3,2016-10-26,760000,48000,35000
Chacon,4,ARROCHAC-4,2016-10-26,360000,12000,8200
Morales,8,ARROMORA-8,2016-10-26,1200000,38000,25000
Chacon,36,ARROCHAC3-36,2016-10-27,76000,3000,2000
Chacon,4,ARROCHAC-4,2016-10-27,1500000,9400,3200
Chacon,34,ARROCHAC1-34,2016-10-27,63000,40000,30000
Canuelas,32,ARROCANU1-32,2016-11-15,30000,12000,8000
Canuelas,3,ARROCANU-3,2016-11-15,20000,15000,8000
Canuelas,32,ARROCANU1-32,2016-12-04,80000,15000,10000
Canuelas,3,ARROCANU-3,2016-12-04,20000,1500,1000
Cebey,39,ARROCEB-39,2016-12-04,180000,30000,15000
Chacon,34,ARROCHAC1-34,2017-01-12,1500,13,10
Chacon,66,ARROCHAC4-66,2017-01-12,2200000,7600,3900
Chacon,36,ARROCHAC3-36,2017-01-12,40000,600,500
Chacon,35,ARROCHAC2-35,2017-01-12,1000,18,14
Chacon,57,ARROCEPI-57,2017-01-12,600000,2700,1400
Chacon,4,ARROCHAC-4,2017-01-12,190000,100000,86000
Morales,65,TRIBMORA-65,2017-04-12,340000,9000,7000
Morales,44,ArroMoraRuta6-44,2017-04-12,2500,900,500
Morales,45,ArroLaPa200-45,2017-04-12,30000,50,36
Morales,37,ARROMORA1-37,2017-04-12,20000,6100,3600
Morales(C.Pantanosa),47,ARROPANT2-47,2017-05-12,11000,200,140
Morales(C.Pantanosa),51,ARROPANT1-51,2017-05-12,1700000,52000,23000
Morales(C.Pantanosa),50,ArroPant200-50,2017-05-12,580000,25000,9500
Morales,46,ARROMORALaCand-46,2017-06-12,15000,310,190
Morales,70,ARROMORARuta3-70,2017-06-12,14000,1500,700
Morales,8,ARROMORA-8,2017-06-12,16000,1400,820
Morales(Barreiro),48,ARROMORADoSc-48,2017-06-12,210000,5100,3300
Rodriguez,64,TRIBROD1-64,2017-11-27,50000,7000,4500
Rodriguez,42,TRIBROD2-42,2017-11-27,20000,4900,3500
Rodriguez,49,TRIBROD3-49,2017-11-27,12000,2800,2700
Cebey,58,ArroCastRuta6-58,2017-11-28,700,46,40
Cebey,59,ArroCeb3-59,2017-11-28,21000,8200,4800
Cebey,41,ARROCEB4-41,2017-11-28,110000,560,410
Canuelas,54,ARROCANURuta6-54,2017-11-29,150000,1900,1200
Canuelas,32,ARROCANU1-32,2017-11-29,12000,6500,690
Canuelas,62,ARROCANUHipico-62,2017-11-29,45000,3700,3300
Canuelas,53,ARROCANUPel-53,2017-11-29,150000,20000,15000
Canuelas,55,ARROCANU3-55,2017-11-30,70000,400,360
Canuelas,3,ARROCANU-3,2017-11-30,920,50,26
DonMario,77,ARRODUPUY-77,2018-02-10,150000,42000,40000
DonMario,76,ARROSUSANA-76,2018-02-10,130000,70000,48000
DonMario,11,ARRODMAR-11,2018-02-10,250000,200000,150000
Aguirre,10,ARROAGUI-10,2018-02-10,50000,18000,10000
Riachuelo,23,CONDEREZ-23,2018-03-04,900000,550000,280000
Riachuelo,20,DPEL2500-20,2018-03-04,12000000,4500000,1100000
Riachuelo,21,DPEL2100-21,2018-03-04,3000000,750000,500000
Riachuelo,22,DPEL1900-22,2018-03-04,3800000,520000,360000
Riachuelo,18,CANUNAMU-18,2018-03-04,1400000,260000,100000
Ortega,72,DESCROCHA-72,2018-03-10,33000,6500,5900
Ortega,63,ARROORT2-63,2018-03-10,470000,400000,310000
Cebey,41,ARROCEB4-41,2018-03-13,3500,300,100
Cebey,39,ARROCEB-39,2018-03-13,60000,4500,2700
Cebey,59,ArroCeb3-59,2018-03-13,53000,2800,1500
Canuelas,54,ARROCANURuta6-54,2018-03-14,14000,160,60
Canuelas,53,ARROCANUPel-53,2018-03-14,30000,15000,11000
Canuelas,62,ARROCANUHipico-62,2018-03-14,30000,1500,1200
Canuelas,32,ARROCANU1-32,2018-03-14,5000,1800,1600
Canuelas,3,ARROCANU-3,2018-03-15,700000,60000,26000
Canuelas,55,ARROCANU3-55,2018-03-15,1800,900,700
Chacon,57,ARROCEPI-57,2018-03-16,180000,6500,1000
Chacon,66,ARROCHAC4-66,2018-03-16,450000,75000,9000
Chacon,4,ARROCHAC-4,2018-03-16,7000,2000,1400
Chacon,35,ARROCHAC2-35,2018-03-16,12000,800,300
Chacon,36,ARROCHAC3-36,2018-03-16,23000,9000,6000
Morales,44,ArroMoraRuta6-44,2018-03-19,80000,35000,20000
Morales,45,ArroLaPa200-45,2018-03-19,40000,9500,6500
Morales,37,ARROMORA1-37,2018-03-19,33000,8500,5500
Morales(C.Pantanosa),47,ARROPANT2-47,2018-03-20,2600,720,500
Morales,67,ARROMORA2-67,2018-03-20,900,400,330
Morales(C.Pantanosa),51,ARROPANT1-51,2018-03-20,3300000,120000,85000
Morales(C.Pantanosa),50,ArroPant200-50,2018-03-20,3400000,650000,500000
Morales(Barreiro),48,ARROMORADoSc-48,2018-03-20,260000,35000,10000
Morales,46,ARROMORALaCand-46,2018-03-21,15000,4500,3500
Morales,8,ARROMORA-8,2018-03-21,42000,34000,3000
Morales,70,ARROMORARuta3-70,2018-03-21,250000,160000,120000
DonMario,77,ARRODUPUY-77,2018-03-23,30000,25000,14000
Aguirre,10,ARROAGUI-10,2018-03-23,800000,260000,190000
DonMario,76,ARROSUSANA-76,2018-03-23,30000,17000,12000
DonMario,11,ARRODMAR-11,2018-03-23,2000000,200000,120000
Ortega,63,ARROORT2-63,2018-03-26,1800000,1100000,600000
Ortega,72,DESCROCHA-72,2018-03-26,10000,8200,4500
Riachuelo,19,ARROCILD-19,2018-03-27,1900000,600000,300000
DelRey,16,ARRODREY-16,2018-03-27,1600000,360000,190000
SantaCatalina,14,ARROSCAT-14,2018-03-27,160000,35000,18000
Riachuelo,26,DPROLELI-26,2018-04-04,9000000,1500000,1100000
Riachuelo,26,DPROLELI-26,2018-04-04,9000000,1500000,1100000
Riachuelo,27,DPROLLAF-27,2018-04-04,4500000,600000,500000
Riachuelo,27,DPROLLAF-27,2018-04-04,4500000,600000,500000
Rodriguez,49,TRIBROD3-49,2018-04-06,25000,20000,15000
Rodriguez,42,TRIBROD2-42,2018-04-06,150000,130000,120000
Rodriguez,64,TRIBROD1-64,2018-04-06,1000,100,50
DelRey,16,ARRODREY-16,2018-04-10,300000,60000,50000
SantaCatalina,14,ARROSCAT-14,2018-04-10,230000,110000,25000
Cebey,41,ARROCEB4-41,2018-05-06,2500,1200,1000
Cebey,59,ArroCeb3-59,2018-05-06,30000,4000,3000
Cebey,58,ArroCastRuta6-58,2018-05-06,1500,800,300
Riachuelo,19,ARROCILD-19,2018-05-10,2300000,1000000,870000
Canuelas,32,ARROCANU1-32,2018-06-06,1900,1400,900
Canuelas,53,ARROCANUPel-53,2018-06-06,75000,65000,55000
Canuelas,62,ARROCANUHipico-62,2018-06-06,1800,1600,1500
Canuelas,54,ARROCANURuta6-54,2018-06-06,6400,4500,4000
Morales,70,ARROMORARuta3-70,2018-06-13,4800,3500,3000
Morales(Barreiro),48,ARROMORADoSc-48,2018-06-13,50000,40000,16000
Morales(C.Pantanosa),47,ARROPANT2-47,2018-06-13,3900,3500,1600
Morales,8,ARROMORA-8,2018-06-13,5000,3200,2500
Morales,67,ARROMORA2-67,2018-06-13,3000,2200,1000
Canuelas,3,ARROCANU-3,2018-07-06,6300,5000,4500
Chacon,57,ARROCEPI-57,2018-08-06,25000,16000,14000
Chacon,34,ARROCHAC1-34,2018-08-06,3800,2100,1800
Chacon,66,ARROCHAC4-66,2018-08-06,44000,6600,3600
Chacon,35,ARROCHAC2-35,2018-08-06,6800,5400,4900
Chacon,36,ARROCHAC3-36,2018-08-06,65000,44000,31000
Chacon,4,ARROCHAC-4,2018-08-06,53000,28000,16000
Morales,67,ARROMORA2-67,2018-08-10,3300,1400,900
Morales(C.Pantanosa),47,ARROPANT2-47,2018-08-10,18000,1400,500
Riachuelo,21,DPEL2100-21,2018-09-10,200000,160000,150000
Riachuelo,22,DPEL1900-22,2018-09-10,160000,140000,130000
Riachuelo,20,DPEL2500-20,2018-09-10,4000000,3000000,2000000
Riachuelo,18,CANUNAMU-18,2018-09-10,350000,250000,200000
Rodriguez,64,TRIBROD1-64,2018-09-18,150,50,20
Rodriguez,42,TRIBROD2-42,2018-09-18,20000,10000,8000
Rodriguez,49,TRIBROD3-49,2018-09-18,3000,2200,1700
Canuelas,53,ARROCANUPel-53,2018-09-20,72000,44000,40000
Canuelas,54,ARROCANURuta6-54,2018-09-20,10000,1900,1100
Canuelas,32,ARROCANU1-32,2018-09-20,6000,2800,1100
Canuelas,62,ARROCANUHipico-62,2018-09-20,11000,1500,1200
Canuelas,3,ARROCANU-3,2018-09-21,2400,2200,2000
Cebey,41,ARROCEB4-41,2018-09-24,6800,4500,4100
Cebey,39,ARROCEB-39,2018-09-24,7000,6000,5000
Cebey,58,ArroCastRuta6-58,2018-09-24,4000,3000,2000
Cebey,59,ArroCeb3-59,2018-09-24,6500,4000,3000
Chacon,36,ARROCHAC3-36,2018-09-26,180000,36000,16000
Chacon,4,ARROCHAC-4,2018-09-26,60000,30000,28000
Chacon,35,ARROCHAC2-35,2018-09-26,8000,4400,2400
Chacon,34,ARROCHAC1-34,2018-09-26,36000,22000,18000
Chacon,66,ARROCHAC4-66,2018-09-26,140000,35000,33000
Morales(C.Pantanosa),51,ARROPANT1-51,2018-09-27,350000,250000,140000
Morales,37,ARROMORA1-37,2018-09-27,35000,14000,1000
Morales,45,ArroLaPa200-45,2018-09-27,6000,290,220
Morales,65,TRIBMORA-65,2018-09-27,250000,200000,180000
Morales(C.Pantanosa),50,ArroPant200-50,2018-09-27,3000000,1000000,850000
Morales,44,ArroMoraRuta6-44,2018-09-27,3000,2600,2500
Morales,70,ARROMORARuta3-70,2018-09-28,250000,23000,13000
Morales,8,ARROMORA-8,2018-09-28,30000,20000,15000
Morales,46,ARROMORALaCand-46,2018-09-28,120000,50000,6800
Morales(Barreiro),48,ARROMORADoSc-48,2018-09-28,84000,45000,37000
Riachuelo,26,DPROLELI-26,2018-10-10,500000,400000,350000
Riachuelo,23,CONDEREZ-23,2018-10-10,650000,380000,350000
Riachuelo,27,DPROLLAF-27,2018-10-10,380000,250000,220000
Riachuelo,27,DPROLLAF-27,2018-10-10,380000,250000,220000
Riachuelo,26,DPROLELI-26,2018-10-10,500000,400000,350000
Morales,65,TRIBMORA-65,2018-11-06,220000,160000,140000
Morales,44,ArroMoraRuta6-44,2018-11-06,2900,2500,2100
Morales,37,ARROMORA1-37,2018-11-06,9400,4500,4000
Rodriguez,42,TRIBROD2-42,2018-12-03,40000,25000,17000
Rodriguez,49,TRIBROD3-49,2018-12-03,25000,20000,14000
Morales,46,ARROMORALaCand-46,2018-12-06,15000,3500,1800
Morales(C.Pantanosa),51,ARROPANT1-51,2018-12-06,5500000,1100000,1000000
Morales(C.Pantanosa),50,ArroPant200-50,2018-12-06,4000000,1400000,1200000
